uid,date,time,suspects,refuses,cases,comments,broadcast,deaths,uf
23,2020-01-30,16:00,1,0,0,0,0,0,CE
31,2020-01-30,16:00,1,0,0,0,0,0,MG
33,2020-01-30,16:00,1,0,0,0,0,0,RJ
35,2020-01-30,16:00,3,1,0,0,0,0,SP
41,2020-01-30,16:00,1,1,0,0,0,0,PR
42,2020-01-30,16:00,0,2,0,0,0,0,SC
43,2020-01-30,16:00,2,2,0,0,0,0,RS
23,2020-01-31,12:00,1,0,0,0,0,0,CE
31,2020-01-31,12:00,1,0,0,0,0,0,MG
33,2020-01-31,12:00,0,1,0,0,0,0,RJ
35,2020-01-31,12:00,7,2,0,0,0,0,SP
41,2020-01-31,12:00,1,1,0,0,0,0,PR
42,2020-01-31,12:00,1,2,0,0,0,0,SC
43,2020-01-31,12:00,2,3,0,0,0,0,RS
23,2020-02-01,12:00,1,0,0,0,0,0,CE
31,2020-02-01,12:00,0,1,0,0,0,0,MG
33,2020-02-01,12:00,0,1,0,0,0,0,RJ
35,2020-02-01,12:00,8,2,0,0,0,0,SP
41,2020-02-01,12:00,1,1,0,0,0,0,PR
42,2020-02-01,12:00,2,2,0,0,0,0,SC
43,2020-02-01,12:00,4,3,0,0,0,0,RS
23,2020-02-02,12:00,1,0,0,0,0,0,CE
31,2020-02-02,12:00,0,1,0,0,0,0,MG
33,2020-02-02,12:00,0,1,0,0,0,0,RJ
35,2020-02-02,12:00,8,2,0,0,0,0,SP
41,2020-02-02,12:00,1,1,0,0,0,0,PR
42,2020-02-02,12:00,2,2,0,0,0,0,SC
43,2020-02-02,12:00,4,3,0,0,0,0,RS
23,2020-02-03,16:00,0,1,0,0,0,0,CE
31,2020-02-03,16:00,0,1,0,0,0,0,MG
33,2020-02-03,16:00,1,1,0,0,0,0,RJ
35,2020-02-03,16:00,7,3,0,0,0,0,SP
41,2020-02-03,16:00,0,2,0,0,0,0,PR
42,2020-02-03,16:00,2,2,0,0,0,0,SC
43,2020-02-03,16:00,4,3,0,0,0,0,RS
23,2020-02-04,15:00,0,1,0,0,0,0,CE
31,2020-02-04,15:00,0,1,0,0,0,0,MG
33,2020-02-04,15:00,1,2,0,0,0,0,RJ
35,2020-02-04,15:00,6,5,0,0,0,0,SP
41,2020-02-04,15:00,0,2,0,0,0,0,PR
42,2020-02-04,15:00,2,2,0,0,0,0,SC
43,2020-02-04,15:00,4,3,0,0,0,0,RS
23,2020-02-05,12:00,0,1,0,0,0,0,CE
31,2020-02-05,12:00,0,1,0,0,0,0,MG
33,2020-02-05,12:00,1,2,0,0,0,0,RJ
35,2020-02-05,12:00,4,9,0,0,0,0,SP
41,2020-02-05,12:00,0,2,0,0,0,0,PR
42,2020-02-05,12:00,1,3,0,0,0,0,SC
43,2020-02-05,12:00,5,3,0,0,0,0,RS
23,2020-02-06,15:30,0,1,0,0,0,0,CE
31,2020-02-06,15:30,1,1,0,0,0,0,MG
33,2020-02-06,15:30,1,2,0,0,0,0,RJ
35,2020-02-06,15:30,3,10,0,0,0,0,SP
41,2020-02-06,15:30,0,2,0,0,0,0,PR
42,2020-02-06,15:30,1,3,0,0,0,0,SC
43,2020-02-06,15:30,3,5,0,0,0,0,RS
23,2020-02-07,15:30,0,1,0,0,0,0,CE
31,2020-02-07,15:30,1,1,0,0,0,0,MG
33,2020-02-07,15:30,1,2,0,0,0,0,RJ
35,2020-02-07,15:30,3,11,0,0,0,0,SP
41,2020-02-07,15:30,0,2,0,0,0,0,PR
42,2020-02-07,15:30,1,3,0,0,0,0,SC
43,2020-02-07,15:30,2,6,0,0,0,0,RS
23,2020-02-08,13:30,0,1,0,0,0,0,CE
31,2020-02-08,13:30,1,1,0,0,0,0,MG
33,2020-02-08,13:30,1,2,0,0,0,0,RJ
35,2020-02-08,13:30,2,13,0,0,0,0,SP
41,2020-02-08,13:30,0,2,0,0,0,0,PR
42,2020-02-08,13:30,1,3,0,0,0,0,SC
43,2020-02-08,13:30,3,6,0,0,0,0,RS
23,2020-02-09,13:30,0,1,0,0,0,0,CE
31,2020-02-09,13:30,1,1,0,0,0,0,MG
33,2020-02-09,13:30,2,2,0,0,0,0,RJ
35,2020-02-09,13:30,3,13,0,0,0,0,SP
41,2020-02-09,13:30,1,2,0,0,0,0,PR
42,2020-02-09,13:30,1,3,0,0,0,0,SC
43,2020-02-09,13:30,3,6,0,0,0,0,RS
23,2020-02-10,15:30,0,1,0,0,0,0,CE
31,2020-02-10,15:30,1,1,0,0,0,0,MG
33,2020-02-10,15:30,1,3,0,0,0,0,RJ
35,2020-02-10,15:30,3,13,0,0,0,0,SP
41,2020-02-10,15:30,1,2,0,0,0,0,PR
42,2020-02-10,15:30,0,4,0,0,0,0,SC
43,2020-02-10,15:30,1,8,0,0,0,0,RS
23,2020-02-11,16:00,0,1,0,0,0,0,CE
31,2020-02-11,16:00,1,1,0,0,0,0,MG
33,2020-02-11,16:00,2,3,0,0,0,0,RJ
35,2020-02-11,16:00,3,14,0,0,0,0,SP
41,2020-02-11,16:00,1,2,0,0,0,0,PR
42,2020-02-11,16:00,0,4,0,0,0,0,SC
43,2020-02-11,16:00,1,8,0,0,0,0,RS
23,2020-02-12,16:00,0,1,0,0,0,0,CE
31,2020-02-12,16:00,1,1,0,0,0,0,MG
33,2020-02-12,16:00,2,3,0,0,0,0,RJ
35,2020-02-12,16:00,6,14,0,0,0,0,SP
41,2020-02-12,16:00,1,2,0,0,0,0,PR
42,2020-02-12,16:00,0,4,0,0,0,0,SC
43,2020-02-12,16:00,1,8,0,0,0,0,RS
23,2020-02-13,16:00,0,1,0,0,0,0,CE
31,2020-02-13,16:00,0,2,0,0,0,0,MG
33,2020-02-13,16:00,0,5,0,0,0,0,RJ
35,2020-02-13,16:00,3,17,0,0,0,0,SP
41,2020-02-13,16:00,1,2,0,0,0,0,PR
42,2020-02-13,16:00,0,4,0,0,0,0,SC
43,2020-02-13,16:00,2,8,0,0,0,0,RS
53,2020-02-13,16:00,0,1,0,0,0,0,DF
23,2020-02-14,16:00,0,1,0,0,0,0,CE
31,2020-02-14,16:00,0,2,0,0,0,0,MG
33,2020-02-14,16:00,0,5,0,0,0,0,RJ
35,2020-02-14,16:00,1,20,0,0,0,0,SP
41,2020-02-14,16:00,1,2,0,0,0,0,PR
42,2020-02-14,16:00,0,4,0,0,0,0,SC
43,2020-02-14,16:00,2,8,0,0,0,0,RS
53,2020-02-14,16:00,0,1,0,0,0,0,DF
23,2020-02-15,14:00,0,1,0,0,0,0,CE
31,2020-02-15,14:00,0,2,0,0,0,0,MG
33,2020-02-15,14:00,0,5,0,0,0,0,RJ
35,2020-02-15,14:00,2,20,0,0,0,0,SP
41,2020-02-15,14:00,0,3,0,0,0,0,PR
42,2020-02-15,14:00,0,4,0,0,0,0,SC
43,2020-02-15,14:00,1,9,0,0,0,0,RS
53,2020-02-15,14:00,0,1,0,0,0,0,DF
23,2020-02-16,12:00,0,1,0,0,0,0,CE
31,2020-02-16,12:00,0,2,0,0,0,0,MG
33,2020-02-16,12:00,0,5,0,0,0,0,RJ
35,2020-02-16,12:00,2,20,0,0,0,0,SP
41,2020-02-16,12:00,0,3,0,0,0,0,PR
42,2020-02-16,12:00,0,4,0,0,0,0,SC
43,2020-02-16,12:00,1,9,0,0,0,0,RS
53,2020-02-16,12:00,0,1,0,0,0,0,DF
23,2020-02-17,15:50,0,1,0,0,0,0,CE
31,2020-02-17,15:50,0,2,0,0,0,0,MG
33,2020-02-17,15:50,0,5,0,0,0,0,RJ
35,2020-02-17,15:50,2,20,0,0,0,0,SP
41,2020-02-17,15:50,0,3,0,0,0,0,PR
42,2020-02-17,15:50,0,4,0,0,0,0,SC
43,2020-02-17,15:50,1,9,0,0,0,0,RS
53,2020-02-17,15:50,0,1,0,0,0,0,DF
23,2020-02-18,15:50,0,1,0,0,0,0,CE
31,2020-02-18,15:50,0,2,0,0,0,0,MG
33,2020-02-18,15:50,0,5,0,0,0,0,RJ
35,2020-02-18,15:50,4,20,0,0,0,0,SP
41,2020-02-18,15:50,0,3,0,0,0,0,PR
42,2020-02-18,15:50,0,4,0,0,0,0,SC
43,2020-02-18,15:50,1,9,0,0,0,0,RS
53,2020-02-18,15:50,0,1,0,0,0,0,DF
23,2020-02-19,15:50,0,1,0,0,0,0,CE
31,2020-02-19,15:50,0,2,0,0,0,0,MG
33,2020-02-19,15:50,0,5,0,0,0,0,RJ
35,2020-02-19,15:50,1,23,0,0,0,0,SP
41,2020-02-19,15:50,0,3,0,0,0,0,PR
42,2020-02-19,15:50,0,4,0,0,0,0,SC
43,2020-02-19,15:50,1,9,0,0,0,0,RS
53,2020-02-19,15:50,0,1,0,0,0,0,DF
23,2020-02-20,15:50,0,1,0,0,0,0,CE
31,2020-02-20,15:50,0,2,0,0,0,0,MG
33,2020-02-20,15:50,0,5,0,0,0,0,RJ
35,2020-02-20,15:50,1,24,0,0,0,0,SP
41,2020-02-20,15:50,0,3,0,0,0,0,PR
42,2020-02-20,15:50,0,4,0,0,0,0,SC
43,2020-02-20,15:50,0,10,0,0,0,0,RS
53,2020-02-20,15:50,0,1,0,0,0,0,DF
23,2020-02-21,14:30,0,1,0,0,0,0,CE
31,2020-02-21,14:30,0,2,0,0,0,0,MG
33,2020-02-21,14:30,1,5,0,0,0,0,RJ
35,2020-02-21,14:30,0,25,0,0,0,0,SP
41,2020-02-21,14:30,0,3,0,0,0,0,PR
42,2020-02-21,14:30,0,4,0,0,0,0,SC
43,2020-02-21,14:30,0,10,0,0,0,0,RS
53,2020-02-21,14:30,0,1,0,0,0,0,DF
23,2020-02-22,13:40,0,1,0,0,0,0,CE
31,2020-02-22,13:40,0,2,0,0,0,0,MG
33,2020-02-22,13:40,1,6,0,0,0,0,RJ
35,2020-02-22,13:40,0,25,0,0,0,0,SP
41,2020-02-22,13:40,0,3,0,0,0,0,PR
42,2020-02-22,13:40,0,4,0,0,0,0,SC
43,2020-02-22,13:40,0,10,0,0,0,0,RS
53,2020-02-22,13:40,0,1,0,0,0,0,DF
23,2020-02-23,12:30,0,1,0,0,0,0,CE
31,2020-02-23,12:30,0,2,0,0,0,0,MG
33,2020-02-23,12:30,1,7,0,0,0,0,RJ
35,2020-02-23,12:30,1,25,0,0,0,0,SP
41,2020-02-23,12:30,0,3,0,0,0,0,PR
42,2020-02-23,12:30,0,4,0,0,0,0,SC
43,2020-02-23,12:30,0,10,0,0,0,0,RS
53,2020-02-23,12:30,0,1,0,0,0,0,DF
23,2020-02-24,12:25,0,1,0,0,0,0,CE
31,2020-02-24,12:25,0,2,0,0,0,0,MG
33,2020-02-24,12:25,1,7,0,0,0,0,RJ
35,2020-02-24,12:25,3,26,0,0,0,0,SP
41,2020-02-24,12:25,0,3,0,0,0,0,PR
42,2020-02-24,12:25,0,4,0,0,0,0,SC
43,2020-02-24,12:25,0,10,0,0,0,0,RS
53,2020-02-24,12:25,0,1,0,0,0,0,DF
23,2020-02-25,13:50,0,1,0,0,0,0,CE
31,2020-02-25,13:50,0,2,0,0,0,0,MG
33,2020-02-25,13:50,0,8,0,0,0,0,RJ
35,2020-02-25,13:50,4,26,0,0,0,0,SP
41,2020-02-25,13:50,0,3,0,0,0,0,PR
42,2020-02-25,13:50,0,4,0,0,0,0,SC
43,2020-02-25,13:50,0,10,0,0,0,0,RS
53,2020-02-25,13:50,0,1,0,0,0,0,DF
23,2020-02-26,11:30,0,1,0,0,0,0,CE
25,2020-02-26,11:30,1,0,0,0,0,0,PB
26,2020-02-26,11:30,1,0,0,0,0,0,PE
29,2020-02-26,11:30,0,2,0,0,0,0,BA
31,2020-02-26,11:30,2,2,0,0,0,0,MG
32,2020-02-26,11:30,1,0,0,0,0,0,ES
33,2020-02-26,11:30,2,8,0,0,0,0,RJ
35,2020-02-26,11:30,11,28,1,0,0,0,SP
41,2020-02-26,11:30,0,3,0,0,0,0,PR
42,2020-02-26,11:30,2,4,0,0,0,0,SC
43,2020-02-26,11:30,0,10,0,0,0,0,RS
53,2020-02-26,11:30,0,1,0,0,0,0,DF
23,2020-02-27,17:00,5,1,0,0,0,0,CE
24,2020-02-27,17:00,4,0,0,0,0,0,RN
25,2020-02-27,17:00,1,0,0,0,0,0,PB
26,2020-02-27,17:00,3,0,0,0,0,0,PE
27,2020-02-27,17:00,1,0,0,0,0,0,AL
29,2020-02-27,17:00,1,2,0,0,0,0,BA
31,2020-02-27,17:00,5,3,0,0,0,0,MG
32,2020-02-27,17:00,1,0,0,0,0,0,ES
33,2020-02-27,17:00,9,8,0,0,0,0,RJ
35,2020-02-27,17:00,55,28,1,0,0,0,SP
41,2020-02-27,17:00,5,3,0,0,0,0,PR
42,2020-02-27,17:00,8,4,0,0,0,0,SC
43,2020-02-27,17:00,24,10,0,0,0,0,RS
50,2020-02-27,17:00,2,0,0,0,0,0,MS
52,2020-02-27,17:00,3,0,0,0,0,0,GO
53,2020-02-27,17:00,5,1,0,0,0,0,DF
23,2020-02-28,16:10,6,2,0,0,0,0,CE
24,2020-02-28,16:10,3,2,0,0,0,0,RN
25,2020-02-28,16:10,1,1,0,0,0,0,PB
26,2020-02-28,16:10,5,2,0,0,0,0,PE
27,2020-02-28,16:10,1,0,0,0,0,0,AL
29,2020-02-28,16:10,9,4,0,0,0,0,BA
31,2020-02-28,16:10,17,3,0,0,0,0,MG
32,2020-02-28,16:10,2,1,0,0,0,0,ES
33,2020-02-28,16:10,19,8,0,0,0,0,RJ
35,2020-02-28,16:10,66,30,1,0,0,0,SP
41,2020-02-28,16:10,5,3,0,0,0,0,PR
42,2020-02-28,16:10,9,4,0,0,0,0,SC
43,2020-02-28,16:10,27,10,0,0,0,0,RS
50,2020-02-28,16:10,2,0,0,0,0,0,MS
52,2020-02-28,16:10,5,0,0,0,0,0,GO
53,2020-02-28,16:10,5,1,0,0,0,0,DF
23,2020-02-29,19:05,6,2,0,0,0,0,CE
24,2020-02-29,19:05,3,2,0,0,0,0,RN
25,2020-02-29,19:05,1,1,0,0,0,0,PB
26,2020-02-29,19:05,5,2,0,0,0,0,PE
27,2020-02-29,19:05,1,0,0,0,0,0,AL
29,2020-02-29,19:05,9,4,0,0,0,0,BA
31,2020-02-29,19:05,17,3,0,0,0,0,MG
32,2020-02-29,19:05,2,1,0,0,0,0,ES
33,2020-02-29,19:05,19,8,0,0,0,0,RJ
35,2020-02-29,19:05,91,38,2,0,0,0,SP
41,2020-02-29,19:05,5,3,0,0,0,0,PR
42,2020-02-29,19:05,9,4,0,0,0,0,SC
43,2020-02-29,19:05,27,10,0,0,0,0,RS
50,2020-02-29,19:05,2,0,0,0,0,0,MS
52,2020-02-29,19:05,5,0,0,0,0,0,GO
53,2020-02-29,19:05,5,1,0,0,0,0,DF
23,2020-03-01,15:05,6,2,0,0,0,0,CE
24,2020-03-01,15:05,3,2,0,0,0,0,RN
25,2020-03-01,15:05,1,1,0,0,0,0,PB
26,2020-03-01,15:05,5,2,0,0,0,0,PE
27,2020-03-01,15:05,1,0,0,0,0,0,AL
29,2020-03-01,15:05,9,4,0,0,0,0,BA
31,2020-03-01,15:05,17,3,0,0,0,0,MG
32,2020-03-01,15:05,2,1,0,0,0,0,ES
33,2020-03-01,15:05,19,8,0,0,0,0,RJ
35,2020-03-01,15:05,136,48,2,0,0,0,SP
41,2020-03-01,15:05,5,3,0,0,0,0,PR
42,2020-03-01,15:05,9,4,0,0,0,0,SC
43,2020-03-01,15:05,27,10,0,0,0,0,RS
50,2020-03-01,15:05,2,0,0,0,0,0,MS
52,2020-03-01,15:05,5,0,0,0,0,0,GO
53,2020-03-01,15:05,5,1,0,0,0,0,DF
11,2020-03-02,16:30,1,0,0,0,0,0,RO
13,2020-03-02,16:30,1,1,0,0,0,0,AM
15,2020-03-02,16:30,2,2,0,0,0,0,PA
21,2020-03-02,16:30,1,1,0,0,0,0,MA
22,2020-03-02,16:30,1,2,0,0,0,0,PI
23,2020-03-02,16:30,6,6,0,0,0,0,CE
24,2020-03-02,16:30,2,6,0,0,0,0,RN
25,2020-03-02,16:30,2,1,0,0,0,0,PB
26,2020-03-02,16:30,4,10,0,0,0,0,PE
27,2020-03-02,16:30,3,1,0,0,0,0,AL
28,2020-03-02,16:30,1,0,0,0,0,0,SE
29,2020-03-02,16:30,9,14,0,0,0,0,BA
31,2020-03-02,16:30,48,4,0,0,0,0,MG
32,2020-03-02,16:30,5,6,0,0,0,0,ES
33,2020-03-02,16:30,42,27,0,0,0,0,RJ
35,2020-03-02,16:30,163,48,2,0,0,0,SP
41,2020-03-02,16:30,7,8,0,0,0,0,PR
42,2020-03-02,16:30,36,4,0,0,0,0,SC
43,2020-03-02,16:30,73,10,0,0,0,0,RS
50,2020-03-02,16:30,6,1,0,0,0,0,MS
51,2020-03-02,16:30,5,0,0,0,0,0,MT
52,2020-03-02,16:30,3,7,0,0,0,0,GO
53,2020-03-02,16:30,12,3,0,0,0,0,DF
11,2020-03-03,15:50,1,0,0,0,0,0,RO
13,2020-03-03,15:50,3,1,0,0,0,0,AM
15,2020-03-03,15:50,1,4,0,0,0,0,PA
21,2020-03-03,15:50,1,1,0,0,0,0,MA
22,2020-03-03,15:50,1,2,0,0,0,0,PI
23,2020-03-03,15:50,19,9,0,0,0,0,CE
24,2020-03-03,15:50,2,6,0,0,0,0,RN
25,2020-03-03,15:50,4,1,0,0,0,0,PB
26,2020-03-03,15:50,4,11,0,0,0,0,PE
27,2020-03-03,15:50,5,1,0,0,0,0,AL
28,2020-03-03,15:50,1,0,0,0,0,0,SE
29,2020-03-03,15:50,21,16,0,0,0,0,BA
31,2020-03-03,15:50,58,6,0,0,0,0,MG
32,2020-03-03,15:50,5,6,0,0,0,0,ES
33,2020-03-03,15:50,62,29,0,0,0,0,RJ
35,2020-03-03,15:50,130,104,2,0,0,0,SP
41,2020-03-03,15:50,14,8,0,0,0,0,PR
42,2020-03-03,15:50,43,4,0,0,0,0,SC
43,2020-03-03,15:50,82,20,0,0,0,0,RS
50,2020-03-03,15:50,6,1,0,0,0,0,MS
51,2020-03-03,15:50,6,0,0,0,0,0,MT
52,2020-03-03,15:50,7,7,0,0,0,0,GO
53,2020-03-03,15:50,12,3,0,0,0,0,DF
11,2020-03-04,17:15,1,0,0,0,0,0,RO
13,2020-03-04,17:15,4,1,0,0,0,0,AM
15,2020-03-04,17:15,1,4,0,0,0,0,PA
21,2020-03-04,17:15,0,2,0,0,0,0,MA
22,2020-03-04,17:15,1,2,0,0,0,0,PI
23,2020-03-04,17:15,14,18,0,0,0,0,CE
24,2020-03-04,17:15,5,6,0,0,0,0,RN
25,2020-03-04,17:15,4,1,0,0,0,0,PB
26,2020-03-04,17:15,6,11,0,0,0,0,PE
27,2020-03-04,17:15,5,1,0,0,0,0,AL
28,2020-03-04,17:15,1,0,0,0,0,0,SE
29,2020-03-04,17:15,19,21,0,0,0,0,BA
31,2020-03-04,17:15,82,6,0,0,0,0,MG
32,2020-03-04,17:15,5,7,0,0,0,0,ES
33,2020-03-04,17:15,55,52,0,0,0,0,RJ
35,2020-03-04,17:15,135,131,3,0,0,0,SP
41,2020-03-04,17:15,13,8,0,0,0,0,PR
42,2020-03-04,17:15,46,4,0,0,0,0,SC
43,2020-03-04,17:15,98,20,0,0,0,0,RS
50,2020-03-04,17:15,10,3,0,0,0,0,MS
51,2020-03-04,17:15,6,0,0,0,0,0,MT
52,2020-03-04,17:15,1,12,0,0,0,0,GO
53,2020-03-04,17:15,18,5,0,0,0,0,DF
11,2020-03-05,16:00,1,0,0,0,0,0,RO
13,2020-03-05,16:00,5,1,0,0,0,0,AM
15,2020-03-05,16:00,1,5,0,0,0,0,PA
21,2020-03-05,16:00,0,2,0,0,0,0,MA
22,2020-03-05,16:00,1,2,0,0,0,0,PI
23,2020-03-05,16:00,16,18,0,0,0,0,CE
24,2020-03-05,16:00,4,8,0,0,0,0,RN
25,2020-03-05,16:00,4,1,0,0,0,0,PB
26,2020-03-05,16:00,8,12,0,0,0,0,PE
27,2020-03-05,16:00,6,1,0,0,0,0,AL
28,2020-03-05,16:00,2,0,0,0,0,0,SE
29,2020-03-05,16:00,23,29,0,0,0,0,BA
31,2020-03-05,16:00,80,12,0,0,0,0,MG
32,2020-03-05,16:00,5,8,0,0,0,0,ES
33,2020-03-05,16:00,79,58,1,0,0,0,RJ
35,2020-03-05,16:00,182,159,6,1 Portador assintomático,0,0,SP
41,2020-03-05,16:00,20,9,0,0,0,0,PR
42,2020-03-05,16:00,54,4,0,0,0,0,SC
43,2020-03-05,16:00,104,25,0,0,0,0,RS
50,2020-03-05,16:00,11,3,0,0,0,0,MS
51,2020-03-05,16:00,6,0,0,0,0,0,MT
52,2020-03-05,16:00,4,12,0,0,0,0,GO
53,2020-03-05,16:00,20,9,0,0,0,0,DF
11,2020-03-06,16:00,1,0,0,0,0,0,RO
13,2020-03-06,16:00,2,4,0,0,0,0,AM
15,2020-03-06,16:00,4,5,0,0,0,0,PA
21,2020-03-06,16:00,0,2,0,0,0,0,MA
22,2020-03-06,16:00,1,2,0,0,0,0,PI
23,2020-03-06,16:00,12,24,0,0,0,0,CE
24,2020-03-06,16:00,7,8,0,0,0,0,RN
25,2020-03-06,16:00,3,3,0,0,0,0,PB
26,2020-03-06,16:00,6,14,0,0,0,0,PE
27,2020-03-06,16:00,7,1,0,0,0,0,AL
28,2020-03-06,16:00,3,1,0,0,0,0,SE
29,2020-03-06,16:00,15,32,1,0,0,0,BA
31,2020-03-06,16:00,123,17,0,0,0,0,MG
32,2020-03-06,16:00,1,12,1,0,0,0,ES
33,2020-03-06,16:00,111,67,1,0,0,0,RJ
35,2020-03-06,16:00,222,189,10,1 Portador assintomático,0,0,SP
41,2020-03-06,16:00,25,13,0,0,0,0,PR
42,2020-03-06,16:00,59,10,0,0,0,0,SC
43,2020-03-06,16:00,112,41,0,0,0,0,RS
50,2020-03-06,16:00,8,9,0,0,0,0,MS
51,2020-03-06,16:00,6,1,0,0,0,0,MT
52,2020-03-06,16:00,4,12,0,0,0,0,GO
53,2020-03-06,16:00,36,13,0,0,0,0,DF
11,2020-03-07,18:35,1,0,0,0,0,0,RO
13,2020-03-07,18:35,2,4,0,0,0,0,AM
15,2020-03-07,18:35,4,5,0,0,0,0,PA
21,2020-03-07,18:35,0,2,0,0,0,0,MA
22,2020-03-07,18:35,1,2,0,0,0,0,PI
23,2020-03-07,18:35,13,24,0,0,0,0,CE
24,2020-03-07,18:35,4,11,0,0,0,0,RN
25,2020-03-07,18:35,3,3,0,0,0,0,PB
26,2020-03-07,18:35,6,14,0,0,0,0,PE
27,2020-03-07,18:35,7,1,0,0,0,0,AL
28,2020-03-07,18:35,1,1,0,0,0,0,SE
29,2020-03-07,18:35,15,32,2,0,0,0,BA
31,2020-03-07,18:35,123,17,0,0,0,0,MG
32,2020-03-07,18:35,1,12,1,0,0,0,ES
33,2020-03-07,18:35,111,67,2,0,0,0,RJ
35,2020-03-07,18:35,184,246,13,1 Portador assintomático,0,0,SP
41,2020-03-07,18:35,20,18,0,0,0,0,PR
42,2020-03-07,18:35,44,25,0,0,0,0,SC
43,2020-03-07,18:35,88,75,0,0,0,0,RS
50,2020-03-07,18:35,6,11,0,0,0,0,MS
51,2020-03-07,18:35,6,1,0,0,0,0,MT
52,2020-03-07,18:35,4,12,0,0,0,0,GO
53,2020-03-07,18:35,30,19,1,0,0,0,DF
11,2020-03-08,17:30,1,0,0,0,0,0,RO
13,2020-03-08,17:30,2,4,0,0,0,0,AM
15,2020-03-08,17:30,3,6,0,0,0,0,PA
21,2020-03-08,17:30,0,2,0,0,0,0,MA
22,2020-03-08,17:30,1,2,0,0,0,0,PI
23,2020-03-08,17:30,11,26,0,0,0,0,CE
24,2020-03-08,17:30,9,13,0,0,0,0,RN
25,2020-03-08,17:30,3,3,0,0,0,0,PB
26,2020-03-08,17:30,9,18,0,0,0,0,PE
27,2020-03-08,17:30,6,1,1,0,0,0,AL
28,2020-03-08,17:30,1,1,0,0,0,0,SE
29,2020-03-08,17:30,15,32,2,0,TRUE,0,BA
31,2020-03-08,17:30,122,17,1,0,0,0,MG
32,2020-03-08,17:30,1,12,1,0,0,0,ES
33,2020-03-08,17:30,110,67,3,0,0,0,RJ
35,2020-03-08,17:30,176,258,16,1 Portador assintomático,TRUE,0,SP
41,2020-03-08,17:30,22,20,0,0,0,0,PR
42,2020-03-08,17:30,44,26,0,0,0,0,SC
43,2020-03-08,17:30,88,75,0,0,0,0,RS
50,2020-03-08,17:30,6,11,0,0,0,0,MS
51,2020-03-08,17:30,5,2,0,0,0,0,MT
52,2020-03-08,17:30,4,12,0,0,0,0,GO
53,2020-03-08,17:30,24,24,1,0,0,0,DF
11,2020-03-10,16:05,2,1,0,0,0,0,RO
12,2020-03-10,16:05,3,0,0,0,0,0,AC
13,2020-03-10,16:05,3,4,0,0,0,0,AM
15,2020-03-10,16:05,5,12,0,0,0,0,PA
21,2020-03-10,16:05,2,2,0,0,0,0,MA
22,2020-03-10,16:05,1,2,0,0,0,0,PI
23,2020-03-10,16:05,22,42,0,0,0,0,CE
24,2020-03-10,16:05,15,13,0,0,0,0,RN
25,2020-03-10,16:05,5,6,0,0,0,0,PB
26,2020-03-10,16:05,12,22,0,0,0,0,PE
27,2020-03-10,16:05,6,1,1,0,0,0,AL
28,2020-03-10,16:05,2,3,0,0,0,0,SE
29,2020-03-10,16:05,46,35,2,0,TRUE,0,BA
31,2020-03-10,16:05,122,18,1,0,0,0,MG
32,2020-03-10,16:05,1,12,1,0,0,0,ES
33,2020-03-10,16:05,119,85,8,0,0,0,RJ
35,2020-03-10,16:05,302,289,19,1 Portador assintomático,TRUE,0,SP
41,2020-03-10,16:05,33,20,0,0,0,0,PR
42,2020-03-10,16:05,42,28,0,0,0,0,SC
43,2020-03-10,16:05,70,129,1,0,0,0,RS
50,2020-03-10,16:05,6,11,0,0,0,0,MS
51,2020-03-10,16:05,1,7,0,0,0,0,MT
52,2020-03-10,16:05,14,14,0,0,0,0,GO
53,2020-03-10,16:05,59,24,1,0,0,0,DF
11,2020-03-11,16:45,2,1,0,0,0,0,RO
12,2020-03-11,16:45,3,0,0,0,0,0,AC
13,2020-03-11,16:45,1,7,0,0,0,0,AM
15,2020-03-11,16:45,5,13,0,0,0,0,PA
21,2020-03-11,16:45,6,2,0,0,0,0,MA
22,2020-03-11,16:45,1,2,0,0,0,0,PI
23,2020-03-11,16:45,22,42,0,0,0,0,CE
24,2020-03-11,16:45,13,14,0,0,0,0,RN
25,2020-03-11,16:45,7,6,0,0,0,0,PB
26,2020-03-11,16:45,17,22,0,0,0,0,PE
27,2020-03-11,16:45,4,7,1,0,0,0,AL
28,2020-03-11,16:45,2,3,0,0,0,0,SE
29,2020-03-11,16:45,65,36,2,0,TRUE,0,BA
31,2020-03-11,16:45,117,22,1,0,0,0,MG
32,2020-03-11,16:45,31,13,1,0,0,0,ES
33,2020-03-11,16:45,87,133,13,0,0,0,RJ
35,2020-03-11,16:45,263,320,30,1 Portador assintomático,TRUE,0,SP
41,2020-03-11,16:45,49,27,0,0,0,0,PR
42,2020-03-11,16:45,47,32,0,0,0,0,SC
43,2020-03-11,16:45,67,159,2,0,0,0,RS
50,2020-03-11,16:45,6,11,0,0,0,0,MS
51,2020-03-11,16:45,1,7,0,0,0,0,MT
52,2020-03-11,16:45,17,28,0,0,0,0,GO
53,2020-03-11,16:45,74,28,2,0,0,0,DF
11,2020-03-12,16:20,2,1,0,0,0,0,RO
12,2020-03-12,16:20,3,0,0,0,0,0,AC
13,2020-03-12,16:20,1,7,0,0,0,0,AM
15,2020-03-12,16:20,5,13,0,0,0,0,PA
21,2020-03-12,16:20,6,2,0,0,0,0,MA
22,2020-03-12,16:20,1,2,0,0,0,0,PI
23,2020-03-12,16:20,22,42,0,0,0,0,CE
24,2020-03-12,16:20,13,15,0,0,0,0,RN
25,2020-03-12,16:20,10,6,0,0,0,0,PB
26,2020-03-12,16:20,18,23,2,0,0,0,PE
27,2020-03-12,16:20,6,7,1,0,0,0,AL
28,2020-03-12,16:20,2,3,0,0,0,0,SE
29,2020-03-12,16:20,65,36,2,0,TRUE,0,BA
31,2020-03-12,16:20,117,22,1,0,0,0,MG
32,2020-03-12,16:20,51,21,1,0,0,0,ES
33,2020-03-12,16:20,76,146,16,Transmissão comunitária no município do Rio de Janeiro,TRUE,0,RJ
35,2020-03-12,16:20,704,471,42,Transmissão comunitária no município de São Paulo.,TRUE,0,SP
41,2020-03-12,16:20,54,29,6,0,0,0,PR
42,2020-03-12,16:20,73,34,0,0,0,0,SC
43,2020-03-12,16:20,81,183,4,0,0,0,RS
50,2020-03-12,16:20,9,15,0,0,0,0,MS
51,2020-03-12,16:20,6,7,0,0,0,0,MT
52,2020-03-12,16:20,15,34,0,0,0,0,GO
53,2020-03-12,16:20,82,44,2,0,0,0,DF
11,2020-03-13,15:45,2,1,0,0,0,0,RO
12,2020-03-13,15:45,3,0,0,0,0,0,AC
13,2020-03-13,15:45,1,7,0,0,0,0,AM
15,2020-03-13,15:45,1,20,0,0,0,0,PA
17,2020-03-13,15:45,2,0,0,0,0,0,TO
21,2020-03-13,15:45,6,2,0,0,0,0,MA
22,2020-03-13,15:45,1,2,0,0,0,0,PI
23,2020-03-13,15:45,22,59,0,0,0,0,CE
24,2020-03-13,15:45,12,15,1,0,0,0,RN
25,2020-03-13,15:45,16,6,0,0,0,0,PB
26,2020-03-13,15:45,18,23,2,0,0,0,PE
27,2020-03-13,15:45,6,7,1,0,0,0,AL
28,2020-03-13,15:45,2,3,0,0,0,0,SE
29,2020-03-13,15:45,65,36,2,0,TRUE,0,BA
31,2020-03-13,15:45,116,73,2,0,0,0,MG
32,2020-03-13,15:45,51,21,1,0,0,0,ES
33,2020-03-13,15:45,76,147,16,Transmissão comunitária no município do Rio de Janeiro,TRUE,0,RJ
35,2020-03-13,15:45,753,529,56,Transmissão comunitária no município de São Paulo.,TRUE,0,SP
41,2020-03-13,15:45,72,34,6,0,0,0,PR
42,2020-03-13,15:45,77,34,2,0,0,0,SC
43,2020-03-13,15:45,81,203,4,0,0,0,RS
50,2020-03-13,15:45,15,16,0,0,0,0,MS
51,2020-03-13,15:45,6,7,0,0,0,0,MT
52,2020-03-13,15:45,6,46,3,0,0,0,GO
53,2020-03-13,15:45,75,53,2,0,0,0,DF
11,2020-03-14,16:25,2,1,0,0,0,0,RO
12,2020-03-14,16:25,3,0,0,0,0,0,AC
13,2020-03-14,16:25,1,7,0,0,0,0,AM
15,2020-03-14,16:25,1,20,0,0,0,0,PA
17,2020-03-14,16:25,2,0,0,0,0,0,TO
21,2020-03-14,16:25,6,2,0,0,0,0,MA
22,2020-03-14,16:25,1,2,0,0,0,0,PI
23,2020-03-14,16:25,22,59,0,0,0,0,CE
24,2020-03-14,16:25,12,15,1,0,0,0,RN
25,2020-03-14,16:25,11,11,0,0,0,0,PB
26,2020-03-14,16:25,18,23,2,0,0,0,PE
27,2020-03-14,16:25,6,7,1,0,0,0,AL
28,2020-03-14,16:25,4,3,0,0,0,0,SE
29,2020-03-14,16:25,65,36,2,0,TRUE,0,BA
31,2020-03-14,16:25,106,85,2,0,0,0,MG
32,2020-03-14,16:25,51,21,1,0,0,0,ES
33,2020-03-14,16:25,76,147,22,Transmissão comunitária no município do Rio de Janeiro,TRUE,0,RJ
35,2020-03-14,16:25,752,545,65,Transmissão comunitária no município de São Paulo.,TRUE,0,SP
41,2020-03-14,16:25,60,50,6,0,0,0,PR
42,2020-03-14,16:25,85,39,4,0,0,0,SC
43,2020-03-14,16:25,80,203,6,0,0,0,RS
50,2020-03-14,16:25,15,16,0,0,0,0,MS
51,2020-03-14,16:25,6,7,0,0,0,0,MT
52,2020-03-14,16:25,4,49,3,0,0,0,GO
53,2020-03-14,16:25,107,65,6,0,0,0,DF
11,2020-03-15,19:15,2,1,0,0,0,0,RO
12,2020-03-15,19:15,3,0,0,0,0,0,AC
13,2020-03-15,19:15,0,7,1,0,0,0,AM
14,2020-03-15,19:15,2,0,0,0,0,0,RR
15,2020-03-15,19:15,1,23,0,0,0,0,PA
16,2020-03-15,19:15,1,0,0,0,0,0,AP
17,2020-03-15,19:15,3,0,0,0,0,0,TO
21,2020-03-15,19:15,6,2,0,0,0,0,MA
22,2020-03-15,19:15,1,2,0,0,0,0,PI
23,2020-03-15,19:15,22,59,0,0,0,0,CE
24,2020-03-15,19:15,14,15,1,0,0,0,RN
25,2020-03-15,19:15,27,11,0,0,0,0,PB
26,2020-03-15,19:15,18,23,2,0,0,0,PE
27,2020-03-15,19:15,14,21,1,0,0,0,AL
28,2020-03-15,19:15,1,11,1,0,0,0,SE
29,2020-03-15,19:15,65,36,2,0,TRUE,0,BA
31,2020-03-15,19:15,106,85,2,0,0,0,MG
32,2020-03-15,19:15,51,21,1,0,0,0,ES
33,2020-03-15,19:15,95,147,24,Transmissão comunitária no município do Rio de Janeiro,TRUE,0,RJ
35,2020-03-15,19:15,1125,551,136,Transmissão comunitária no município de São Paulo.,TRUE,0,SP
41,2020-03-15,19:15,80,50,6,0,0,0,PR
42,2020-03-15,19:15,102,41,6,0,0,0,SC
43,2020-03-15,19:15,66,217,6,0,0,0,RS
50,2020-03-15,19:15,15,16,0,0,0,0,MS
51,2020-03-15,19:15,8,7,0,0,0,0,MT
52,2020-03-15,19:15,4,49,3,0,0,0,GO
53,2020-03-15,19:15,81,91,8,0,0,0,DF
11,2020-03-16,15:50,2,1,0,0,0,0,RO
12,2020-03-16,15:50,3,0,0,0,0,0,AC
13,2020-03-16,15:50,0,7,1,0,0,0,AM
14,2020-03-16,15:50,2,0,0,0,0,0,RR
15,2020-03-16,15:50,1,22,0,0,0,0,PA
16,2020-03-16,15:50,2,0,0,0,0,0,AP
17,2020-03-16,15:50,3,0,0,0,0,0,TO
21,2020-03-16,15:50,6,2,0,0,0,0,MA
22,2020-03-16,15:50,2,3,0,0,0,0,PI
23,2020-03-16,15:50,22,60,0,0,0,0,CE
24,2020-03-16,15:50,14,15,1,0,0,0,RN
25,2020-03-16,15:50,33,15,0,0,0,0,PB
26,2020-03-16,15:50,18,23,2,0,0,0,PE
27,2020-03-16,15:50,16,22,1,0,0,0,AL
28,2020-03-16,15:50,1,11,1,0,0,0,SE
29,2020-03-16,15:50,65,40,2,0,TRUE,0,BA
31,2020-03-16,15:50,102,88,5,0,0,0,MG
32,2020-03-16,15:50,50,21,1,0,0,0,ES
33,2020-03-16,15:50,96,153,31,Transmissão comunitária no município do Rio de Janeiro,TRUE,0,RJ
35,2020-03-16,15:50,1177,623,152,Transmissão comunitária no município de São Paulo.,TRUE,0,SP
41,2020-03-16,15:50,85,83,6,0,0,0,PR
42,2020-03-16,15:50,109,44,7,0,0,0,SC
43,2020-03-16,15:50,119,218,6,0,0,0,RS
50,2020-03-16,15:50,12,19,2,0,0,0,MS
51,2020-03-16,15:50,14,7,0,0,0,0,MT
52,2020-03-16,15:50,3,54,3,0,0,0,GO
53,2020-03-16,15:50,107,93,13,0,0,0,DF
11,2020-03-17,18:10,38,3,0,0,0,0,RO
12,2020-03-17,18:10,8,0,0,0,0,0,AC
13,2020-03-17,18:10,7,19,1,0,0,0,AM
14,2020-03-17,18:10,5,0,0,0,0,0,RR
15,2020-03-17,18:10,21,22,0,0,0,0,PA
16,2020-03-17,18:10,6,0,0,0,0,0,AP
17,2020-03-17,18:10,11,0,0,0,0,0,TO
21,2020-03-17,18:10,52,8,0,0,0,0,MA
22,2020-03-17,18:10,14,4,0,0,0,0,PI
23,2020-03-17,18:10,211,95,5,0,0,0,CE
24,2020-03-17,18:10,72,21,1,0,0,0,RN
25,2020-03-17,18:10,48,15,0,0,0,0,PB
26,2020-03-17,18:10,71,33,16,0,0,0,PE
27,2020-03-17,18:10,34,20,1,0,0,0,AL
28,2020-03-17,18:10,7,12,4,0,0,0,SE
29,2020-03-17,18:10,375,59,3,0,TRUE,0,BA
31,2020-03-17,18:10,563,99,7,0,0,0,MG
32,2020-03-17,18:10,69,21,1,0,0,0,ES
33,2020-03-17,18:10,859,194,33,Transmissão comunitária no município do Rio de Janeiro,TRUE,0,RJ
35,2020-03-17,18:10,5047,709,164,Transmissão comunitária no município de São Paulo.,TRUE,1,SP
41,2020-03-17,18:10,240,82,6,0,0,0,PR
42,2020-03-17,18:10,220,55,7,0,0,0,SC
43,2020-03-17,18:10,300,217,10,0,0,0,RS
50,2020-03-17,18:10,44,45,4,0,0,0,MS
51,2020-03-17,18:10,23,7,0,0,0,0,MT
52,2020-03-17,18:10,221,54,6,0,0,0,GO
53,2020-03-17,18:10,253,96,22,0,0,0,DF
11,2020-03-18,20:00,61,2,0,0,0,0,RO
12,2020-03-18,20:00,12,0,0,0,0,0,AC
13,2020-03-18,20:00,18,26,1,0,0,0,AM
14,2020-03-18,20:00,9,0,0,0,0,0,RR
15,2020-03-18,20:00,43,23,0,0,0,0,PA
16,2020-03-18,20:00,15,0,0,0,0,0,AP
17,2020-03-18,20:00,13,0,0,0,0,0,TO
21,2020-03-18,20:00,125,13,0,0,0,0,MA
22,2020-03-18,20:00,12,2,0,0,0,0,PI
23,2020-03-18,20:00,493,89,9,0,0,0,CE
24,2020-03-18,20:00,108,22,1,0,0,0,RN
25,2020-03-18,20:00,85,11,0,0,0,0,PB
26,2020-03-18,20:00,89,23,16,0,0,0,PE
27,2020-03-18,20:00,43,22,1,0,0,0,AL
28,2020-03-18,20:00,15,11,5,0,0,0,SE
29,2020-03-18,20:00,573,36,3,0,TRUE,0,BA
31,2020-03-18,20:00,925,104,15,0,0,0,MG
32,2020-03-18,20:00,71,21,9,0,0,0,ES
33,2020-03-18,20:00,1254,148,45,Transmissão comunitária no município do Rio de Janeiro,TRUE,0,RJ
35,2020-03-18,20:00,5334,596,240,Transmissão comunitária no município de São Paulo.,TRUE,4,SP
41,2020-03-18,20:00,400,119,13,0,0,0,PR
42,2020-03-18,20:00,346,47,10,0,0,0,SC
43,2020-03-18,20:00,416,330,19,0,0,0,RS
50,2020-03-18,20:00,93,26,7,0,0,0,MS
51,2020-03-18,20:00,45,8,0,0,0,0,MT
52,2020-03-18,20:00,353,55,8,0,0,0,GO
53,2020-03-18,20:00,327,107,26,0,0,0,DF
